{
  "schema_version": 1,
  "width": null,
  "height": null,
  "scale": null,
  "ocean_margin": null,
  "transparent": false,
  "background_rgb": [
    11,
    59,
    74
  ],
  "constants": {
    "colors": {
      "start": [
        0.28627452,
        0.27058825,
        0.24705884,
        1.0
      ],
      "water": [
        0.16941601,
        0.31755757,
        0.36200002,
        1.0
      ],
      "gravel": [
        0.25,
        0.24342105,
        0.22039475,
        1.0
      ],
      "dirt": [
        0.6,
        0.47959462,
        0.33,
        1.0
      ],
      "sand": [
        0.7,
        0.65968585,
        0.5277487,
        1.0
      ],
      "grass": [
        0.35486364,
        0.37,
        0.2035,
        1.0
      ],
      "forest": [
        0.24843751,
        0.3,
        0.0703125,
        1.0
      ],
      "rock": [
        0.4,
        0.39379844,
        0.37519377,
        1.0
      ],
      "snow": [
        0.86274517,
        0.9294118,
        0.94117653,
        1.0
      ],
      "pebble": [
        0.13725491,
        0.2784314,
        0.2761563,
        1.0
      ],
      "offshore": [
        0.04090196,
        0.22060032,
        0.27450982,
        1.0
      ]
    },
    "splat_order": [
      "gravel",
      "pebble",
      "rock",
      "dirt",
      "grass",
      "forest",
      "sand",
      "snow"
    ],
    "sun_direction": [
      0.24730613827705383,
      0.7471248507499695,
      0.6169636845588684
    ],
    "sun_power": 0.65,
    "brightness": 1.05,
    "contrast": 0.94,
    "max_depth": 50.0,
    "ocean_water_level": 0.0,
    "ocean_topology_mask": 384
  },
  "timings": {},
  "full_size_render": {
    "width": 2500,
    "height": 2500,
    "scale": 1.0,
    "ocean_margin": 0,
    "timings": {
      "shore_seconds": 0.0,
      "total_seconds": 4.111675700012711,
      "prepare_seconds": 0.8527643000124954
    },
    "artifact": "map_render_full.png"
  },
  "full_size_tiles": {
    "schema_version": 1,
    "map_width": 2500,
    "map_height": 2500,
    "tile_size": 512,
    "columns": 5,
    "rows": 5,
    "tile_count": 25,
    "coordinate_system": {
      "origin": "bottom-left",
      "x_axis": "right",
      "y_axis": "up",
      "units": "map pixels (one pixel per world metre for the full-size render)"
    },
    "padding": {
      "mode": "transparent",
      "rgba": [
        0,
        0,
        0,
        0
      ]
    },
    "filename_pattern": "x_{x}_y_{y}.png",
    "tiles": [
      {
        "x": 0,
        "y": 0,
        "filename": "x_0_y_0.png",
        "content_width": 512,
        "content_height": 512,
        "map_bounds": {
          "left": 0,
          "bottom": 0,
          "right": 512,
          "top": 512
        },
        "image_content_offset": {
          "x": 0,
          "y": 0
        },
        "size_bytes": 25807
      },
      {
        "x": 1,
        "y": 0,
        "filename": "x_1_y_0.png",
        "content_width": 512,
        "content_height": 512,
        "map_bounds": {
          "left": 512,
          "bottom": 0,
          "right": 1024,
          "top": 512
        },
        "image_content_offset": {
          "x": 0,
          "y": 0
        },
        "size_bytes": 214147
      },
      {
        "x": 2,
        "y": 0,
        "filename": "x_2_y_0.png",
        "content_width": 512,
        "content_height": 512,
        "map_bounds": {
          "left": 1024,
          "bottom": 0,
          "right": 1536,
          "top": 512
        },
        "image_content_offset": {
          "x": 0,
          "y": 0
        },
        "size_bytes": 112395
      },
      {
        "x": 3,
        "y": 0,
        "filename": "x_3_y_0.png",
        "content_width": 512,
        "content_height": 512,
        "map_bounds": {
          "left": 1536,
          "bottom": 0,
          "right": 2048,
          "top": 512
        },
        "image_content_offset": {
          "x": 0,
          "y": 0
        },
        "size_bytes": 121133
      },
      {
        "x": 4,
        "y": 0,
        "filename": "x_4_y_0.png",
        "content_width": 452,
        "content_height": 512,
        "map_bounds": {
          "left": 2048,
          "bottom": 0,
          "right": 2500,
          "top": 512
        },
        "image_content_offset": {
          "x": 0,
          "y": 0
        },
        "size_bytes": 58691
      },
      {
        "x": 0,
        "y": 1,
        "filename": "x_0_y_1.png",
        "content_width": 512,
        "content_height": 512,
        "map_bounds": {
          "left": 0,
          "bottom": 512,
          "right": 512,
          "top": 1024
        },
        "image_content_offset": {
          "x": 0,
          "y": 0
        },
        "size_bytes": 125082
      },
      {
        "x": 1,
        "y": 1,
        "filename": "x_1_y_1.png",
        "content_width": 512,
        "content_height": 512,
        "map_bounds": {
          "left": 512,
          "bottom": 512,
          "right": 1024,
          "top": 1024
        },
        "image_content_offset": {
          "x": 0,
          "y": 0
        },
        "size_bytes": 401224
      },
      {
        "x": 2,
        "y": 1,
        "filename": "x_2_y_1.png",
        "content_width": 512,
        "content_height": 512,
        "map_bounds": {
          "left": 1024,
          "bottom": 512,
          "right": 1536,
          "top": 1024
        },
        "image_content_offset": {
          "x": 0,
          "y": 0
        },
        "size_bytes": 322925
      },
      {
        "x": 3,
        "y": 1,
        "filename": "x_3_y_1.png",
        "content_width": 512,
        "content_height": 512,
        "map_bounds": {
          "left": 1536,
          "bottom": 512,
          "right": 2048,
          "top": 1024
        },
        "image_content_offset": {
          "x": 0,
          "y": 0
        },
        "size_bytes": 377106
      },
      {
        "x": 4,
        "y": 1,
        "filename": "x_4_y_1.png",
        "content_width": 452,
        "content_height": 512,
        "map_bounds": {
          "left": 2048,
          "bottom": 512,
          "right": 2500,
          "top": 1024
        },
        "image_content_offset": {
          "x": 0,
          "y": 0
        },
        "size_bytes": 79227
      },
      {
        "x": 0,
        "y": 2,
        "filename": "x_0_y_2.png",
        "content_width": 512,
        "content_height": 512,
        "map_bounds": {
          "left": 0,
          "bottom": 1024,
          "right": 512,
          "top": 1536
        },
        "image_content_offset": {
          "x": 0,
          "y": 0
        },
        "size_bytes": 120265
      },
      {
        "x": 1,
        "y": 2,
        "filename": "x_1_y_2.png",
        "content_width": 512,
        "content_height": 512,
        "map_bounds": {
          "left": 512,
          "bottom": 1024,
          "right": 1024,
          "top": 1536
        },
        "image_content_offset": {
          "x": 0,
          "y": 0
        },
        "size_bytes": 377890
      },
      {
        "x": 2,
        "y": 2,
        "filename": "x_2_y_2.png",
        "content_width": 512,
        "content_height": 512,
        "map_bounds": {
          "left": 1024,
          "bottom": 1024,
          "right": 1536,
          "top": 1536
        },
        "image_content_offset": {
          "x": 0,
          "y": 0
        },
        "size_bytes": 411662
      },
      {
        "x": 3,
        "y": 2,
        "filename": "x_3_y_2.png",
        "content_width": 512,
        "content_height": 512,
        "map_bounds": {
          "left": 1536,
          "bottom": 1024,
          "right": 2048,
          "top": 1536
        },
        "image_content_offset": {
          "x": 0,
          "y": 0
        },
        "size_bytes": 410724
      },
      {
        "x": 4,
        "y": 2,
        "filename": "x_4_y_2.png",
        "content_width": 452,
        "content_height": 512,